name,street,city,state,zip
360 Hotel Group,9600 Harbour Pl,Mukilteo,WA,98275-4262
Americas Best Value Inn,4117 196th St SW,Lynnwood,WA,98036-6716
Angel of the Winds Casino & Resort,3438 Stoluckquamish Ln,Arlington,WA,98223
Best Western Alderwood,19332 36th Ave W,Lynnwood,WA,98036-5710
Best Western Plus Arlington,3721 172nd St NE,Arlington,WA,98223-7735
Best Western Plus Edmonds,130 W Dayton St,Edmonds,WA,98020-4130
Comfort Inn,1414 228th St SE,Bothell,WA,98021
Courtyard Seattle North,4220 Alderwood Mall Blvd,Lynnwood,WA,98036-6766
Embassy Suites,20610 44th Ave W,Lynnwood,WA,98036
Extended Stay Amer-Seattle,3021 196th St SW,Lynnwood,WA,98036-6925
Extended Stay Amer-Seattle,3917 Harbour Pointe Blvd SW,Mukilteo,WA,98275-5454
Golden West Motel,23916 Highway 99,Edmonds,WA,98026-9260
Hampton Inn-Suites Seattle,19324 Alderwood Mall Pkwy,Lynnwood,WA,98036-4817
Hampton Inn,2931 W Marine View Dr,Everett,WA,98201
Hilton Garden Inn,3801 Alderwood Mall Blvd,Lynnwood,WA,98036
Hilton Garden Inn,8401 Paine Field Blvd.,Mukilteo,WA,98275
Holiday Inn Exp-Suites,8606 36th Ave NE,Marysville,WA,98270-7245
Holiday Inn Exp-Suites Seattle,2515 196th St SW,Lynnwood,WA,98036-6918
Homewood Suites By Hilton,18123 Alderwood Mall Pkwy,Lynnwood,WA,98037-3900
Hotel Group,201 5th Ave S # 200,Edmonds,WA,98020-3481
Hotel Indigo,1028 13th St,Everett,WA,98201
Hotel International,5621 196th St SW # 120,Lynnwood,WA,98036-6106
Inn at Port Gardner Everett Waterfront,1700 W Marine Dr.,Everett,WA,98201
LA Quinta Inn By Wyndham,4300 Alderwood Mall Blvd,Lynnwood,WA,98036-6772
LA Quinta Inn-Suites By,11430 38th Dr NE,Marysville,WA,98271-8433
McMenamins Anderson School,18607 Bothell Way NE,Bothell,WA,98011
Paine Field Airport,3220 100th St SW,Everett,WA,98204
Residence Inn Seattle North,18200 Alderwood Mall Pkwy,Lynnwood,WA,98037-3901
Silver Cloud Inn Mukilteo,718 Front St,Mukilteo,WA,98275-1510
Smokey Point Motor Inn,17329 Smokey Point Dr,Arlington,WA,98223-8798
Staybridge Suites Everett,9600 Harbour Pl,Mukilteo,WA,98275-4262
Studio 6 Mountlake Terrace WA,24035 Van Ry Blvd,Mountlake Ter,WA,98043-5429
Super 8 By Wyndham Lynnwood,20707 Highway 99,Lynnwood,WA,98036-7454
Towneplace Suites Seattle,8521 Mukilteo Speedway,Mukilteo,WA,98275-3203
Travelodge By Wyndham Seattle,23825 Highway 99,Edmonds,WA,98026-9257
Tulalip Resort & Casino,10200 Quil Ceda Blvd,Tulalip,WA,98271
Village Inn & Suites,235 Beach Ave,Marysville,WA,98270-4924
Washington State Hotel,9715 271st St NW,Stanwood,WA,98292-8097
WoodSpring Suites,7707 Broadway,Everett,WA,98203
